{
 "tag": "pointnet_n100000_dims0_meter",
 "params": 805313,
 "val_r2": 0.9699809082124575,
 "bs_effective": 32,
 "epoch_time_s": 58.9,
 "test": {
  "All": [
   0.9721224404659539,
   1.7330563068389893
  ],
  "Fastback": [
   0.9784552084414326,
   1.4823203086853027
  ],
  "Estate": [
   0.8388459621996569,
   2.0090508460998535
  ],
  "Notchback": [
   0.8242530880842418,
   2.5619120597839355
  ]
 }
}